id,token
492,cweintegerunderflowintminmultiplybadglobal
17,stdin
827,cweintegerunderflowcharminpredeccgoodbgsink
1387,cweintegerunderflowcharminpostdecbadsink
1127,cweintegerunderflowinttminpostdeccgoodgbsink
1329,cweintegerunderflowshortminpredecgoodbgsink
62,htons
814,cweintegerunderflowshortminpostdecbgoodbgsource
432,cweintegerunderflowinttfscanfsubuniontype
440,cweintegerunderflowintrandsubbaddata
500,cweintegerunderflowshortminmultiplydbadsink
1154,cweintegerunderflowshortfscanfsubgoodgbglobal
644,cweintegerunderflowunsignedintrandsubbadsink
956,cweintegerunderflowintfscanfmultiplybbadsource
615,cweintegerunderflowunsignedintfscanfpostdecuniontype
798,cweintegerunderflowinttfscanfsubgoodbgglobal
16,chararraysize
462,cweintegerunderflowunsignedintfscanfpostdecdbadsink
690,cweintegerunderflowintfscanfsubbadsink
457,cweintegerunderflowintfscanfpredecbadglobal
1149,cweintegerunderflowcharrandmultiplygoodbgdata
1281,cweintegerunderflowinttrandsubbgoodbgsink
57,sinaddr
1102,cweintegerunderflowinttfscanfpredecgoodbgdata
1499,cweintegerunderflowcharminsubcgoodgbsink
1355,cweintegerunderflowcharrandpostdeccgoodgbsink
1374,cweintegerunderflowintrandpredecgoodbgglobal
226,cweintegerunderflowcharminpostdeccbadsink
566,cweintegerunderflowunsignedintfscanfpredecbadsink
1074,cweintegerunderflowcharrandsubstructtype
1121,cweintegerunderflowinttfscanfpostdecgoodbgsink
1130,cweintegerunderflowunsignedintfscanfpredecgoodbgsink
533,cweintegerunderflowshortminsubbadsink
1422,cweintegerunderflowcharfscanfsubdgoodbgsink
420,cweintegerunderflowcharfscanfpredecbadglobal
837,staticconstfalse
1296,cweintegerunderflowintfgetspredecgoodbgdata
1332,cweintegerunderflowintfgetssubebadsink
1041,cweintegerunderflowinttfscanfmultiplygoodgbglobal
424,cweintegerunderflowshortrandsubcbadsink
12,0
51,1
29,2
1204,cweintegerunderflowintfscanfmultiplycgoodbgsink
961,cweintegerunderflowshortrandpredecbgoodgbsink
36,funcptr
90,5
174,6
469,cweintegerunderflowintrandsubbbadsource
175,7
908,cweintegerunderflowshortminmultiplybgoodbgsink
794,8
1486,cweintegerunderflowcharminmultiplycgoodbgsink
151,cweintegerunderflowintminpostdeccbadsink
133,cweintegerunderflowcharrandmultiplybaddata
512,cweintegerunderflowinttminpostdecbaddata
61,tcpport
1173,cweintegerunderflowintfgetsmultiplygoodgbdata
643,cweintegerunderflowunsignedintrandsubbadglobal
689,cweintegerunderflowintrandsubuniontype
999,cweintegerunderflowshortfscanfpredecbgoodgbsink
1432,cweintegerunderflowintconnectsocketsubcgoodbgsink
7,result
351,cweintegerunderflowintlistensocketpredecbbadsink
521,cweintegerunderflowcharminmultiplycbadsink
371,cweintegerunderflowintfgetsmultiplyuniontype
784,cweintegerunderflowshortrandsubbgoodgbsink
285,cweintegerunderflowshortminpostdecuniontype
888,cweintegerunderflowintlistensocketpostdecgoodbgglobal
770,cweintegerunderflowintminpredecbgoodbgsink
1037,cweintegerunderflowinttrandpredecbgoodgbsource
1131,cweintegerunderflowintminmultiplygoodbgglobal
773,cweintegerunderflowshortrandpostdecbgoodgbsink
142,connect
1028,cweintegerunderflowintfgetsmultiplyegoodbgsink
80,_
1363,cweintegerunderflowintlistensocketmultiplybgoodgbsource
82,c
524,cweintegerunderflowintfscanfmultiplyebadsink
981,cweintegerunderflowcharminpostdecbgoodbgsink
74,d
648,cweintegerunderflowcharfscanfsubbbadsource
852,cweintegerunderflowunsignedintminpostdecgoodgbsink
1409,cweintegerunderflowshortrandmultiplygoodbgglobal
144,cweintegerunderflowintconnectsocketsubstructtype
329,cweintegerunderflowshortminpredecbaddata
529,cweintegerunderflowintrandsubebadsink
656,cweintegerunderflowunsignedintminpostdeccbadsink
737,h
102,i
101,j
934,cweintegerunderflowunsignedintfscanfsubgoodbgdata
1480,cweintegerunderflowintlistensocketpredecgoodgbdata
630,cweintegerunderflowintconnectsocketpostdecdbadsink
758,k
28,l
1330,cweintegerunderflowunsignedintrandpostdecbgoodgbsource
1088,cweintegerunderflowintfgetspredecdgoodgbsink
1470,cweintegerunderflowinttminsubgoodgbdata
875,cweintegerunderflowintfscanfsubcgoodbgsink
525,cweintegerunderflowintlistensocketmultiplybaddata
279,cweintegerunderflowcharminmultiplybaddata
461,cweintegerunderflowintconnectsocketmultiplyebadsink
95,u
243,cweintegerunderflowintrandmultiplybadglobal
447,cweintegerunderflowintfgetspostdecstructtype
867,cweintegerunderflowinttminmultiplybgoodgbsink
1292,cweintegerunderflowunsignedintfscanfsubdgoodgbsink
340,cweintegerunderflowshortfscanfpostdecdbadsink
556,cweintegerunderflowunsignedintfscanfsubbbadsource
828,cweintegerunderflowintlistensocketsubbgoodbgsink
34,staticvoid
131,cweintegerunderflowunsignedintfscanfpredecbbadsink
945,cweintegerunderflowinttminpostdecdgoodbgsink
970,cweintegerunderflowshortfscanfpostdecbgoodbgsink
889,cweintegerunderflowintlistensocketpredecgoodgbglobal
395,cweintegerunderflowshortfscanfpredecbbadsink
636,cweintegerunderflowshortrandmultiplyebadsink
528,cweintegerunderflowcharrandpostdeccbadsink
1500,cweintegerunderflowinttminpostdecgoodbgglobal
817,cweintegerunderflowcharrandmultiplyuniontype
321,cweintegerunderflowinttfscanfpredecbbadsource
1106,cweintegerunderflowcharrandpredecbgoodbgsink
1107,cweintegerunderflowcharfscanfpostdecgoodbgdata
63,structsockaddr
869,cweintegerunderflowintfgetspostdecbgoodbgsink
343,cweintegerunderflowshortfscanfsubbaddata
518,cweintegerunderflowinttfscanfpostdecbbadsource
324,voidchar
31,printlonglongline
262,cweintegerunderflowintlistensocketsubbbadsink
1176,cweintegerunderflowintminpostdecbgoodbgsink
490,cweintegerunderflowintrandmultiplystructtype
886,cweintegerunderflowcharminpredecbgoodgbsink
982,cweintegerunderflowcharminpostdecgoodgbglobal
1464,cweintegerunderflowcharrandmultiplydgoodgbsink
181,cweintegerunderflowcharrandpostdecbadglobal
270,cweintegerunderflowcharfscanfpostdecbadsink
872,cweintegerunderflowintminsubbgoodbgsink
307,cweintegerunderflowcharfscanfpostdeccbadsink
35,voidint
839,cweintegerunderflowintrandpredecbgoodbgsink
1218,cweintegerunderflowcharfscanfmultiplyegoodbgsink
1501,cweintegerunderflowinttrandpredecdgoodbgsink
1170,cweintegerunderflowintlistensocketsubgoodbgdata
1241,cweintegerunderflowintrandsubgoodbgglobal
751,cweintegerunderflowinttfscanfsubbgoodbgsink
187,cweintegerunderflowshortminpredeccbadsink
1320,cweintegerunderflowunsignedintfscanfpostdecdgoodbgsink
509,cweintegerunderflowunsignedintrandpredecbadglobal
836,cweintegerunderflowcharrandpostdecuniontype
99,datacopy
904,cweintegerunderflowinttfscanfpostdeccgoodbgsink
454,cweintegerunderflowintminpredecbbadsink
552,cweintegerunderflowcharfscanfpredecbadsink
718,cweintegerunderflowintconnectsocketpredecbgoodbgsink
501,cweintegerunderflowunsignedintrandpredecebadsink
1140,cweintegerunderflowintfgetspostdecebadsink
114,cweintegerunderflowinttrandmultiplybbadsource
65,socketerror
352,cweintegerunderflowintminsubbbadsource
573,cweintegerunderflowintrandpostdecdbadsink
366,cweintegerunderflowinttrandpredecbbadsink
1352,cweintegerunderflowunsignedintminpostdeccgoodgbsink
350,cweintegerunderflowintlistensocketpredecbaddata
1215,cweintegerunderflowunsignedintfscanfpostdecgoodbgdata
434,cweintegerunderflowshortfscanfmultiplyebadsink
605,cweintegerunderflowcharfscanfmultiplycbadsink
1401,cweintegerunderflowunsignedintminpostdecdgoodbgsink
21,printline
79,printintline
372,cweintegerunderflowintconnectsocketmultiplybadglobal
1249,cweintegerunderflowshortrandsubgoodbgglobal
682,cweintegerunderflowinttminmultiplybbadsource
1256,cweintegerunderflowcharrandsubbgoodgbsink
1404,cweintegerunderflowinttminmultiplybgoodgbsource
482,cweintegerunderflowunsignedintminpostdecbadsink
333,cweintegerunderflowinttfscanfpredecbbadsink
1200,cweintegerunderflowshortfscanfsubbgoodbgsink
843,cweintegerunderflowintminmultiplygoodgbsink
127,cweintegerunderflowunsignedintminpredecbadglobal
336,cweintegerunderflowintlistensocketmultiplybadglobal
797,cweintegerunderflowunsignedintfscanfpostdecbbadsource
198,cweintegerunderflowshortrandpredeccbadsink
455,cweintegerunderflowcharrandmultiplybadglobal
1324,cweintegerunderflowinttfscanfsubebadsink
866,cweintegerunderflowinttfscanfmultiplybgoodbgsink
990,cweintegerunderflowcharminmultiplybgoodgbsink
186,cweintegerunderflowinttminsubbbadsink
651,cweintegerunderflowintminpredecbadsink
227,cweintegerunderflowintconnectsocketsubbaddata
519,cweintegerunderflowcharminpredecbadglobal
220,cweintegerunderflowshortrandmultiplystructtype
1064,cweintegerunderflowshortfscanfpostdecbgoodgbsource
749,cweintegerunderflowintrandmultiplyuniontype
125,cweintegerunderflowintfgetssubbbadsink
158,cweintegerunderflowshortrandpostdecdbadsink
339,cweintegerunderflowintconnectsocketsubcbadsink
1068,cweintegerunderflowintminpredecgoodbgsink
460,cweintegerunderflowshortminmultiplybadsink
755,cweintegerunderflowshortfscanfmultiplygoodgbsink
950,cweintegerunderflowinttminsubdgoodbgsink
725,cweintegerunderflowintfgetsmultiplybadglobal
998,haitdoughman
257,cweintegerunderflowintrandpredeccbadsink
41,service
1421,cweintegerunderflowinttrandpredeccgoodgbsink
105,cweintegerunderflowcharrandmultiplydbadsink
610,cweintegerunderflowcharminpredecstructtype
1423,cweintegerunderflowintfscanfsubegoodgbsink
484,cweintegerunderflowunsignedintfscanfpredecbaddata
166,globalconsttrue
293,cweintegerunderflowintfscanfmultiplybaddata
603,cweintegerunderflowcharrandpredecbadglobal
1115,cweintegerunderflowinttrandmultiplybgoodbgsink
1386,cweintegerunderflowintfscanfpredecdgoodgbsink
564,cweintegerunderflowcharrandpredecebadsink
217,staticunsignedint
629,cweintegerunderflowintconnectsocketpredecebadsink
800,cweintegerunderflowintlistensocketpostdecbgoodbgsink
1280,cweintegerunderflowinttrandpostdecdgoodgbsink
1133,cweintegerunderflowinttfscanfpredecgoodbgglobal
966,cweintegerunderflowcharrandpredecgoodgbdata
1184,cweintegerunderflowcharfscanfmultiplydgoodgbsink
1467,cweintegerunderflowintlistensocketsubdgoodgbsink
1044,cweintegerunderflowintfgetssubbgoodbgsink
272,cweintegerunderflowintfscanfpredecuniontype
977,cweintegerunderflowcharfscanfpredecstructtype
595,cweintegerunderflowinttrandpostdecdbadsink
663,cweintegerunderflowshortfscanfpredecstructtype
561,cweintegerunderflowunsignedintrandsubstructtype
1050,cweintegerunderflowshortrandsubcgoodbgsink
266,cweintegerunderflowintminsubbaddata
638,cweintegerunderflowinttfscanfmultiplydbadsink
289,cweintegerunderflowintlistensocketmultiplybbadsink
1053,cweintegerunderflowunsignedintminsubbbadsource
478,staticint
818,cweintegerunderflowintfgetspredecuniontype
1134,cweintegerunderflowinttfscanfpredecgoodbgsink
799,cweintegerunderflowinttfscanfsubgoodbgsink
1274,cweintegerunderflowinttfscanfmultiplygoodbgglobal
1029,cweintegerunderflowintminsubgoodbgdata
456,cweintegerunderflowcharrandmultiplybadsink
986,cweintegerunderflowcharrandpredecbgoodgbsource
42,structsockaddrin
152,cweintegerunderflowintfgetspredecbbadsink
504,cweintegerunderflowinttrandpredecstructtype
86,cweintegerunderflowinttfscanfsubbbadsink
480,cweintegerunderflowintfgetsmultiplydbadsink
441,cweintegerunderflowinttminpredecbbadsource
813,cweintegerunderflowunsignedintrandpostdecbgoodbgsink
1063,cweintegerunderflowinttminpredeccbadsink
1294,cweintegerunderflowintconnectsocketpredecgoodbgglobal
705,cweintegerunderflowinttrandpredecebadsink
1411,cweintegerunderflowintfgetspredecbgoodbgsink
1233,cweintegerunderflowintrandsubbgoodgbsink
247,cweintegerunderflowintconnectsocketpredecbaddata
681,cweintegerunderflowshortfscanfmultiplycbadsink
200,cweintegerunderflowshortrandpostdecbbadsink
766,cweintegerunderflowshortrandpostdeccgoodbgsink
892,cweintegerunderflowintlistensocketpredecebadsink
1310,cweintegerunderflowinttminpostdecgoodgbglobal
338,cweintegerunderflowintfscanfpredeccbadsink
1042,cweintegerunderflowinttfscanfmultiplygoodgbsink
211,cweintegerunderflowintrandmultiplycbadsink
357,cweintegerunderflowinttfscanfpostdecdbadsink
1297,cweintegerunderflowunsignedintrandpostdecegoodbgsink
502,cweintegerunderflowshortminpredecbadsink
724,cweintegerunderflowunsignedintfscanfsubbgoodbgsink
497,cweintegerunderflowinttfscanfpostdecuniontype
719,cweintegerunderflowinttrandpredecbgoodgbsink
238,cweintegerunderflowintconnectsocketmultiplystructtype
20,atoi
535,cweintegerunderflowintlistensocketsubstructtype
815,cweintegerunderflowshortminmultiplygoodbgdata
960,cweintegerunderflowshortrandpredecstructtype
1439,cweintegerunderflowshortfscanfpostdecgoodbgsink
1033,cweintegerunderflowcharfscanfmultiplybadglobal
874,cweintegerunderflowintfgetspostdecuniontype
1008,cweintegerunderflowintconnectsocketmultiplybgoodgbsink
1160,cweintegerunderflowcharrandpostdecdgoodbgsink
876,cweintegerunderflowinttfscanfsubdgoodgbsink
1348,cweintegerunderflowintrandpredecebadsink
178,voidunsignedint
560,cweintegerunderflowintlistensocketmultiplybadsink
1303,cweintegerunderflowunsignedintfscanfpostdeccgoodgbsink
1311,cweintegerunderflowinttminpostdecgoodgbsink
1430,cweintegerunderflowshortminsubgoodgbglobal
1150,cweintegerunderflowshortfscanfpredecdbadsink
296,cweintegerunderflowcharrandmultiplybbadsink
1391,cweintegerunderflowshortrandmultiplygoodgbglobal
115,cweintegerunderflowunsignedintrandsubbaddata
190,cweintegerunderflowinttfscanfsubbadsink
237,cweintegerunderflowunsignedintminsubbbadsink
1198,cweintegerunderflowintfscanfmultiplygoodbgsink
128,cweintegerunderflowunsignedintminpredecbadsink
380,cweintegerunderflowcharrandpostdecstructtype
776,cweintegerunderflowintrandsubgoodbgdata
1239,cweintegerunderflowshortminpostdeccgoodbgsink
1482,cweintegerunderflowshortrandpredecgoodgbglobal
143,cweintegerunderflowintconnectsocketmultiplybbadsink
808,cweintegerunderflowshortminsubgoodbgdata
1089,cweintegerunderflowcharrandpostdecegoodbgsink
1283,cweintegerunderflowshortrandpredecdgoodbgsink
53,sockstream
540,cweintegerunderflowintminpostdecbbadsource
694,cweintegerunderflowinttrandmultiplybadsink
917,cweintegerunderflowintfgetspostdecdgoodgbsink
541,cweintegerunderflowcharfscanfmultiplyuniontype
1461,cweintegerunderflowintfscanfpostdecebadsink
205,cweintegerunderflowcharfscanfpostdecbaddata
924,cweintegerunderflowinttminpredecgoodbgdata
384,cweintegerunderflowunsignedintfscanfsubebadsink
614,cweintegerunderflowinttminmultiplydbadsink
159,cweintegerunderflowcharrandsubdbadsink
779,cweintegerunderflowinttfscanfsubegoodgbsink
1326,cweintegerunderflowshortrandsubuniontype
1267,cweintegerunderflowshortfscanfpostdecdgoodgbsink
1135,cweintegerunderflowinttrandsubbgoodbgsource
1214,cweintegerunderflowunsignedintminsubgoodbgdata
669,cweintegerunderflowintfgetspredecbbadsource
879,cweintegerunderflowcharminsubgoodgbsink
534,cweintegerunderflowshortrandsubstructtype
9,void
1122,cweintegerunderflowunsignedintrandsubuniontype
1441,cweintegerunderflowinttminmultiplygoodbgsink
550,cweintegerunderflowintrandpredecstructtype
919,cweintegerunderflowunsignedintrandpredecstructtype
1237,cweintegerunderflowshortfscanfsubdgoodgbsink
271,cweintegerunderflowintminpredecdbadsink
1309,cweintegerunderflowcharfscanfmultiplybbadsource
313,cweintegerunderflowcharfscanfpredecbaddata
609,cweintegerunderflowcharrandsubbaddata
957,cweintegerunderflowintfgetspostdecgoodbgdata
258,cweintegerunderflowcharfscanfpostdecebadsink
704,cweintegerunderflowinttrandsubuniontype
474,cweintegerunderflowinttminpostdecbadsink
743,cweintegerunderflowintrandsubgoodgbglobal
1370,cweintegerunderflowcharfscanfmultiplygoodbgglobal
1219,cweintegerunderflowshortminpredecgoodgbdata
1055,cweintegerunderflowunsignedintfscanfpredecgoodgbdata
1060,cweintegerunderflowinttfscanfsubgoodgbdata
706,cweintegerunderflowinttrandsubegoodbgsink
301,cweintegerunderflowinttrandsubbadglobal
586,cweintegerunderflowcharrandmultiplybbadsource
786,cweintegerunderflowshortrandsubbadsink
788,cweintegerunderflowinttrandpostdecgoodgbdata
1159,cweintegerunderflowshortminsubcgoodbgsink
72,wsacleanup
668,cweintegerunderflowcharfscanfpredecuniontype
177,cweintegerunderflowshortminpostdeccbadsink
1026,cweintegerunderflowshortminsubebadsink
723,goodgbsink
1394,cweintegerunderflowshortfscanfsubegoodgbsink
48,wsastartup
163,gotosink
1304,cweintegerunderflowintfgetssubgoodbgglobal
381,cweintegerunderflowcharfscanfsubebadsink
993,cweintegerunderflowintrandpredecegoodbgsink
746,cweintegerunderflowunsignedintfscanfpredecbgoodbgsink
1002,cweintegerunderflowintconnectsocketpostdecbgoodgbsink
1269,cweintegerunderflowintfscanfpostdeccgoodgbsink
1427,cweintegerunderflowshortrandsubdgoodbgsink
946,cweintegerunderflowcharminpostdecbbadsource
1183,cweintegerunderflowinttminpostdecuniontype
804,cweintegerunderflowunsignedintfscanfpostdecbgoodgbsink
1110,cweintegerunderflowunsignedintrandpostdecbbadsource
1403,cweintegerunderflowshortfscanfpostdecbgoodbgsource
69,recv
437,cweintegerunderflowcharrandpredecuniontype
708,cweintegerunderflowshortrandpostdecgoodbgsink
1206,cweintegerunderflowintrandmultiplygoodgbglobal
805,cweintegerunderflowinttfscanfpredeccgoodbgsink
1189,cweintegerunderflowshortfscanfsubebadsink
1205,cweintegerunderflowunsignedintfscanfpostdecbgoodbgsource
721,cweintegerunderflowintconnectsocketsubbgoodgbsink
274,cweintegerunderflowinttrandmultiplycbadsink
464,cweintegerunderflowshortfscanfsubbadsink
980,cweintegerunderflowcharminpostdecgoodbgdata
332,cweintegerunderflowinttminpostdecbbadsink
554,cweintegerunderflowintrandsubbadglobal
199,cweintegerunderflowintminmultiplybaddata
1400,cweintegerunderflowintminmultiplybgoodbgsink
1505,cweintegerunderflowunsignedintminpredecdgoodgbsink
910,cweintegerunderflowshortminsubdgoodbgsink
1036,cweintegerunderflowintrandpostdecbgoodgbsink
5,any
207,cweintegerunderflowunsignedintrandpostdeccbadsink
1466,cweintegerunderflowcharminsubdgoodbgsink
1087,cweintegerunderflowinttminpredecdgoodgbsink
574,cweintegerunderflowintrandpostdecstructtype
96,badstatic
618,cweintegerunderflowshortminsubbbadsource
747,cweintegerunderflowshortfscanfmultiplygoodgbdata
1429,cweintegerunderflowintminsubdgoodgbsink
263,cweintegerunderflowintrandsubcbadsink
316,cweintegerunderflowunsignedintfscanfsubbadsink
397,cweintegerunderflowshortrandmultiplycbadsink
1022,cweintegerunderflowintrandpredecbadsink
1108,cweintegerunderflowintfscanfmultiplybgoodgbsink
10,METHOD_NAME
551,cweintegerunderflowunsignedintminpredecstructtype
503,cweintegerunderflowcharfscanfpredeccbadsink
973,cweintegerunderflowunsignedintfscanfpostdecgoodbgsink
150,cweintegerunderflowcharrandpredecbbadsink
659,cweintegerunderflowshortrandmultiplybadsink
911,cweintegerunderflowintfgetspredecgoodgbglobal
390,cweintegerunderflowintfgetssubstructtype
364,cweintegerunderflowcharminsubbadglobal
1141,cweintegerunderflowshortrandpredecgoodgbdata
692,cweintegerunderflowintminsubbadsink
765,cweintegerunderflowcharminsubdgoodgbsink
860,cweintegerunderflowintfgetspostdecbadsink
959,cweintegerunderflowcharfscanfpredecegoodbgsink
1092,cweintegerunderflowintconnectsocketpredecbgoodgbsink
1291,cweintegerunderflowunsignedintrandpredecgoodgbdata
348,cweintegerunderflowshortminmultiplybbadsink
613,cweintegerunderflowunsignedintrandpostdecebadsink
921,cweintegerunderflowinttrandpostdecbgoodbgsink
1349,cweintegerunderflowshortrandpredeccgoodgbsink
732,cweintegerunderflowintfscanfmultiplydgoodbgsink
1365,cweintegerunderflowcharminmultiplybgoodbgsink
675,cweintegerunderflowinttfscanfpredecstructtype
310,cweintegerunderflowintfgetspredecbadglobal
1139,cweintegerunderflowintlistensocketmultiplystructtype
897,cweintegerunderflowinttminpostdecbgoodgbsink
452,cweintegerunderflowunsignedintrandpredecbaddata
467,cweintegerunderflowintfscanfsubuniontype
596,cweintegerunderflowunsignedintfscanfsubstructtype
1379,cweintegerunderflowshortfscanfpredeccgoodgbsink
445,cweintegerunderflowunsignedintminsubbadglobal
276,cweintegerunderflowintrandpostdecuniontype
1190,cweintegerunderflowintfgetssubcgoodgbsink
1325,cweintegerunderflowshortrandpostdeccgoodgbsink
968,cweintegerunderflowinttfscanfmultiplybadglobal
281,cweintegerunderflowintrandpredecbbadsink
1105,cweintegerunderflowintlistensocketmultiplycgoodbgsink
507,cweintegerunderflowinttminsubbbadsource
1265,cweintegerunderflowintconnectsocketmultiplygoodbgglobal
106,cweintegerunderflowcharminpostdecebadsink
902,cweintegerunderflowintfscanfsubbgoodbgsink
423,cweintegerunderflowshortminmultiplyuniontype
734,cweintegerunderflowcharminpredecdgoodbgsink
411,cweintegerunderflowshortrandsubebadsink
1072,cweintegerunderflowshortminmultiplybbadsource
1191,cweintegerunderflowintminpostdecebadsink
463,cweintegerunderflowshortfscanfsubbadglobal
932,cweintegerunderflowintlistensocketpredecbgoodgbsink
975,cweintegerunderflowcharfscanfmultiplybgoodbgsink
996,cweintegerunderflowshortrandmultiplygoodbgdata
355,cweintegerunderflowunsignedintminsubebadsink
593,cweintegerunderflowintfgetspostdecbbadsource
1011,cweintegerunderflowcharminpostdeccgoodbgsink
628,cweintegerunderflowcharrandpostdecbbadsource
1317,cweintegerunderflowcharfscanfsubgoodgbdata
1395,cweintegerunderflowintfgetsmultiplydgoodbgsink
320,cweintegerunderflowinttfscanfpredecdbadsink
787,cweintegerunderflowunsignedintfscanfpredecdgoodgbsink
1226,cweintegerunderflowinttfscanfmultiplycgoodbgsink
194,cweintegerunderflowunsignedintfscanfpostdecstructtype
580,cweintegerunderflowcharfscanfsubuniontype
662,cweintegerunderflowcharminsubdbadsink
801,cweintegerunderflowintlistensocketpostdecbgoodgbsink
1344,cweintegerunderflowshortminpostdecdbadsink
476,cweintegerunderflowunsignedintrandsubcbadsink
1494,cweintegerunderflowintfgetsmultiplybgoodgbsource
173,default
707,cweintegerunderflowshortrandpostdecgoodbgglobal
1005,cweintegerunderflowinttrandpostdecgoodbgsink
901,cweintegerunderflowintfgetssubegoodgbsink
1137,cweintegerunderflowshortfscanfpostdecgoodgbsink
735,staticfalse
1389,cweintegerunderflowintrandpostdeccgoodgbsink
1128,cweintegerunderflowcharrandpredecgoodbgglobal
1163,cweintegerunderflowinttminpostdecgoodgbdata
567,cweintegerunderflowintfscanfsubcbadsink
527,cweintegerunderflowintrandmultiplydbadsink
188,cweintegerunderflowinttminsubbaddata
793,cweintegerunderflowintconnectsocketpredecdgoodgbsink
1240,cweintegerunderflowintlistensocketmultiplyuniontype
1447,cweintegerunderflowcharminpredecgoodgbsink
1488,cweintegerunderflowintlistensocketsubegoodbgsink
475,cweintegerunderflowshortrandpredecebadsink
678,cweintegerunderflowintrandpostdecbaddata
1418,cweintegerunderflowintfscanfsubbgoodgbsource
391,cweintegerunderflowinttfscanfmultiplycbadsink
1212,cweintegerunderflowshortfscanfpredecgoodbgglobal
823,cweintegerunderflowcharrandmultiplyegoodgbsink
855,cweintegerunderflowinttfscanfpostdecbgoodbgsink
588,cweintegerunderflowinttminsubdbadsink
926,cweintegerunderflowshortminpredecbgoodgbsink
328,cweintegerunderflowinttfscanfsubbaddata
1213,cweintegerunderflowintfscanfpredecbgoodbgsink
1145,cweintegerunderflowintfgetsmultiplybgoodbgsink
1243,cweintegerunderflowcharfscanfpredeccgoodbgsink
1424,cweintegerunderflowinttrandmultiplygoodgbdata
1408,cweintegerunderflowintfgetsmultiplygoodbgdata
670,cweintegerunderflowinttminpredecstructtype
253,cweintegerunderflowinttfscanfsubcbadsink
742,goodgbstatic
1103,cweintegerunderflowinttfscanfpredecbgoodbgsink
1462,cweintegerunderflowshortfscanfpredecegoodgbsink
1210,cweintegerunderflowunsignedintminpredecdbadsink
239,cweintegerunderflowcharfscanfpostdecstructtype
1024,cweintegerunderflowinttfscanfsubcgoodbgsink
14,charchararraysize
641,cweintegerunderflowcharminpredecbbadsource
899,cweintegerunderflowintminsubgoodgbglobal
1234,cweintegerunderflowcharfscanfpostdecbgoodbgsource
1197,cweintegerunderflowcharrandpostdecebadsink
1195,cweintegerunderflowintlistensocketpostdecgoodgbglobal
162,source
542,cweintegerunderflowintfgetssubbadglobal
1023,cweintegerunderflowunsignedintfscanfpredecdbadsink
1268,cweintegerunderflowunsignedintrandpostdecbgoodbgsource
308,cweintegerunderflowcharfscanfsubstructtype
944,cweintegerunderflowshortminpostdecgoodgbdata
752,cweintegerunderflowshortminpostdecbadsink
712,cweintegerunderflowcharfscanfsubdgoodgbsink
1062,cweintegerunderflowshortfscanfpostdecbbadsource
300,cweintegerunderflowintminpostdecbadsink
280,cweintegerunderflowshortminpredecuniontype
1321,cweintegerunderflowintrandpostdecegoodgbsink
165,cweintegerunderflowcharrandsubcbadsink
1346,cweintegerunderflowunsignedintrandsubbgoodbgsink
407,cweintegerunderflowintminmultiplycbadsink
983,cweintegerunderflowcharminpostdecgoodgbsink
225,cweintegerunderflowinttminmultiplycbadsink
637,cweintegerunderflowinttfscanfmultiplystructtype
1284,cweintegerunderflowinttminpredecgoodbgsink
584,cweintegerunderflowcharrandsubbadsink
1335,cweintegerunderflowintconnectsocketsubgoodbgdata
56,sinfamily
361,cweintegerunderflowshortrandsubbaddata
1353,cweintegerunderflowcharrandmultiplybgoodbgsource
1030,cweintegerunderflowinttfscanfpostdecdgoodgbsink
139,connectsocket
1196,cweintegerunderflowintconnectsocketmultiplyuniontype
1208,cweintegerunderflowintminsubbgoodgbsource
894,cweintegerunderflowcharrandpredeccgoodgbsink
206,voidshort
1444,cweintegerunderflowshortrandpostdecbbadsource
739,cweintegerunderflowcharrandmultiplycgoodgbsink
987,cweintegerunderflowunsignedintminpredecbgoodgbsink
1253,cweintegerunderflowinttfscanfpredecgoodgbdata
265,cweintegerunderflowintrandsubbbadsink
1194,cweintegerunderflowinttminpredecbgoodgbsink
1084,cweintegerunderflowshortrandsubgoodgbdata
1227,cweintegerunderflowcharfscanfsubbgoodgbsink
363,cweintegerunderflowcharfscanfpredecdbadsink
647,cweintegerunderflowintfgetspostdeccbadsink
829,cweintegerunderflowinttrandpredecgoodgbdata
317,cweintegerunderflowintfscanfmultiplybbadsink
1463,cweintegerunderflowunsignedintfscanfsubgoodgbdata
140,ipaddress
259,cweintegerunderflowintfscanfpostdecbaddata
425,cweintegerunderflowcharrandpredecbaddata
373,cweintegerunderflowintconnectsocketmultiplybadsink
1343,cweintegerunderflowcharfscanfsubcgoodbgsink
1451,cweintegerunderflowinttminsubuniontype
360,cweintegerunderflowshortrandpredecbaddata
1454,cweintegerunderflowcharrandpostdecgoodgbsink
1126,cweintegerunderflowintminpostdecgoodbgsink
1457,cweintegerunderflowcharminpredecgoodbgglobal
33,datavalueistoolargetoperformarithmeticsafely
409,cweintegerunderflowinttminmultiplystructtype
1397,cweintegerunderflowshortfscanfpredecgoodgbdata
444,cweintegerunderflowintlistensocketpredeccbadsink
760,cweintegerunderflowshortfscanfmultiplydgoodbgsink
1331,cweintegerunderflowinttrandpostdeccgoodgbsink
1007,cweintegerunderflowintconnectsocketmultiplygoodgbdata
913,cweintegerunderflowintfscanfsubdgoodbgsink
168,staticconstfive
302,cweintegerunderflowinttrandsubbadsink
627,cweintegerunderflowshortfscanfsubdbadsink
252,cweintegerunderflowinttminmultiplybaddata
762,staticreturnsfalse
103,staticreturnstrue
809,cweintegerunderflowinttfscanfpostdecdgoodbgsink
792,cweintegerunderflowunsignedintfscanfsubbgoodgbsource
810,cweintegerunderflowintminpostdecbgoodgbsink
235,cweintegerunderflowintlistensocketmultiplyebadsink
236,cweintegerunderflowintminpredecebadsink
1221,cweintegerunderflowintfgetspredeccgoodbgsink
85,lld
1162,cweintegerunderflowinttminpredecbgoodbgsink
39,wsadata
111,unionfirst
1171,cweintegerunderflowunsignedintminpredecbgoodbgsink
918,cweintegerunderflowcharfscanfpostdecbgoodgbsink
841,cweintegerunderflowintconnectsocketpostdecbgoodgbsource
1201,cweintegerunderflowintrandmultiplygoodgbdata
935,cweintegerunderflowunsignedintrandpredecgoodgbglobal
1413,cweintegerunderflowinttfscanfpostdecgoodgbglobal
385,cweintegerunderflowshortfscanfpostdecbbadsink
830,cweintegerunderflowinttrandmultiplystructtype
626,cweintegerunderflowinttminpredecbadsink
802,cweintegerunderflowunsignedintfscanfsubcgoodbgsink
1169,cweintegerunderflowintminpredecbgoodgbsource
76,short
379,cweintegerunderflowinttminmultiplyuniontype
781,cweintegerunderflowintfgetssubbgoodgbsource
868,cweintegerunderflowcharminpredecbgoodbgsink
1132,cweintegerunderflowintminmultiplygoodbgsink
1492,cweintegerunderflowinttrandpostdecdgoodbgsink
49,noerror
906,cweintegerunderflowunsignedintminsubbgoodgbsink
1070,cweintegerunderflowinttrandsubcgoodbgsink
1459,cweintegerunderflowunsignedintrandpredeccgoodbgsink
536,cweintegerunderflowshortrandpredecuniontype
846,cweintegerunderflowintrandpostdecbadsink
1147,cweintegerunderflowinttfscanfpostdecgoodbgdata
1328,cweintegerunderflowshortminpredecgoodbgglobal
268,cweintegerunderflowintlistensocketpredecbadglobal
523,cweintegerunderflowintfscanfpostdecstructtype
1507,cweintegerunderflowinttminpredecegoodbgsink
246,cweintegerunderflowintfgetsmultiplybaddata
1385,cweintegerunderflowinttrandmultiplygoodbgdata
1412,cweintegerunderflowcharfscanfpostdeccgoodgbsink
537,cweintegerunderflowshortminmultiplyebadsink
621,cweintegerunderflowshortminpostdecbadglobal
1156,cweintegerunderflowshortrandpostdecbgoodbgsource
387,cweintegerunderflowintrandmultiplybbadsource
717,cweintegerunderflowinttrandpostdecgoodbgdata
844,cweintegerunderflowinttfscanfpostdecbgoodgbsink
1264,cweintegerunderflowintconnectsocketmultiplygoodgbsink
430,cweintegerunderflowcharminpredecdbadsink
1426,cweintegerunderflowshortfscanfsubegoodbgsink
1000,cweintegerunderflowcharrandpostdecbgoodbgsink
943,cweintegerunderflowintfscanfmultiplyuniontype
848,cweintegerunderflowcharrandsubdgoodgbsink
884,cweintegerunderflowinttfscanfsubbgoodgbsink
1152,cweintegerunderflowunsignedintfscanfsubgoodbgsink
617,cweintegerunderflowshortfscanfmultiplybadsink
172,case
450,cweintegerunderflowintconnectsocketpredeccbadsink
465,cweintegerunderflowintfgetspostdecbaddata
1032,cweintegerunderflowinttminmultiplygoodgbdata
1093,cweintegerunderflowshortminmultiplydgoodgbsink
322,cweintegerunderflowcharminpostdecbaddata
1342,cweintegerunderflowcharfscanfpredecgoodbgdata
600,cweintegerunderflowintfgetspredecbaddata
1040,cweintegerunderflowunsignedintrandpredecbadsink
1446,cweintegerunderflowcharminpredecgoodgbglobal
1220,cweintegerunderflowinttminpredecdgoodbgsink
1012,cweintegerunderflowshortminsubgoodgbdata
756,cweintegerunderflowunsignedintminpredecbbadsource
578,cweintegerunderflowintfgetspredecdbadsink
1157,cweintegerunderflowshortfscanfsubcgoodbgsink
1230,cweintegerunderflowintlistensocketmultiplygoodbgsink
555,cweintegerunderflowunsignedintminpostdecdbadsink
282,cweintegerunderflowshortfscanfmultiplybbadsource
1410,cweintegerunderflowshortrandmultiplygoodbgsink
345,cweintegerunderflowinttrandpostdecbbadsink
877,cweintegerunderflowshortminpredecbgoodbgsink
195,cweintegerunderflowintfgetsmultiplybbadsink
421,cweintegerunderflowunsignedintfscanfpostdecbadglobal
985,cweintegerunderflowintminpredecbgoodgbsink
931,cweintegerunderflowunsignedintminpostdecgoodbgsink
1506,cweintegerunderflowintrandsubbadsink
446,cweintegerunderflowintlistensocketpostdecbbadsource
218,cweintegerunderflowshortfscanfsubbbadsink
832,cweintegerunderflowcharminpredecgoodgbdata
856,cweintegerunderflowinttminpredeccgoodbgsink
587,cweintegerunderflowshortminsubcbadsink
920,cweintegerunderflowshortminsubbgoodgbsink
1182,cweintegerunderflowintfscanfsubcgoodgbsink
1478,cweintegerunderflowintfscanfpredecbgoodgbsink
37,badsink
1052,cweintegerunderflowintlistensocketsubuniontype
138,cweintegerunderflowcharfscanfpostdecbadglobal
1180,cweintegerunderflowintrandpostdecgoodbgdata
633,cweintegerunderflowcharfscanfmultiplyebadsink
396,cweintegerunderflowintrandmultiplybaddata
189,cweintegerunderflowinttfscanfsubbadglobal
294,cweintegerunderflowintminpredecbadglobal
70,\0
1144,cweintegerunderflowshortfscanfpostdecgoodgbdata
992,cweintegerunderflowunsignedintminsubcgoodgbsink
506,cweintegerunderflowcharrandpredecbbadsource
382,cweintegerunderflowintminpostdecstructtype
937,cweintegerunderflowcharfscanfmultiplybgoodgbsink
1166,cweintegerunderflowunsignedintrandpredecdgoodbgsink
1290,cweintegerunderflowintfscanfpostdecegoodbgsink
915,cweintegerunderflowinttfscanfsubgoodgbglobal
1382,cweintegerunderflowinttfscanfsubdgoodbgsink
323,cweintegerunderflowshortrandmultiplybaddata
716,goodbgstatic
548,cweintegerunderflowinttminpostdecdbadsink
315,cweintegerunderflowunsignedintfscanfsubbadglobal
768,cweintegerunderflowinttfscanfmultiplygoodbgdata
81,globaltrue
223,cweintegerunderflowintconnectsocketsubebadsink
299,cweintegerunderflowintminpostdecbadglobal
840,cweintegerunderflowintrandpredecuniontype
1025,cweintegerunderflowcharrandsubcgoodgbsink
582,cweintegerunderflowunsignedintminpredecuniontype
740,cweintegerunderflowinttrandpostdecbgoodgbsink
24,char
989,cweintegerunderflowintminmultiplyuniontype
558,cweintegerunderflowcharfscanfmultiplystructtype
1177,cweintegerunderflowintfscanfsubbgoodbgsource
1275,cweintegerunderflowinttfscanfmultiplygoodbgsink
1333,cweintegerunderflowintrandpostdecgoodgbglobal
769,cweintegerunderflowinttrandpredecbbadsource
1077,cweintegerunderflowintfgetspostdecegoodbgsink
722,cweintegerunderflowunsignedintminpostdecgoodgbdata
857,cweintegerunderflowintfscanfmultiplygoodbgdata
121,cweintegerunderflowintlistensocketpostdeccbadsink
297,cweintegerunderflowshortminsubstructtype
120,staticconsttrue
1372,cweintegerunderflowcharrandpredecdgoodgbsink
370,cweintegerunderflowcharrandpostdecbbadsink
971,cweintegerunderflowshortrandpostdecgoodgbglobal
1479,cweintegerunderflowshortminmultiplybgoodbgsource
496,cweintegerunderflowinttrandsubbaddata
862,cweintegerunderflowunsignedintrandpostdecgoodgbdata
292,cweintegerunderflowunsignedintfscanfsubbbadsink
67,listen
515,cweintegerunderflowintfscanfpostdeccbadsink
733,cweintegerunderflowcharfscanfsubgoodbgdata
854,cweintegerunderflowcharfscanfpredecbgoodbgsink
511,cweintegerunderflowintlistensocketsubebadsink
1244,cweintegerunderflowintminmultiplyebadsink
374,cweintegerunderflowshortminpostdecbaddata
701,cweintegerunderflowshortfscanfmultiplybgoodbgsink
763,cweintegerunderflowcharrandsubbbadsource
821,cweintegerunderflowintfscanfsubbgoodgbsink
1338,cweintegerunderflowintminpostdecegoodgbsink
231,cweintegerunderflowintminmultiplystructtype
244,cweintegerunderflowintrandmultiplybadsink
32,llongmin
761,cweintegerunderflowunsignedintfscanfpredecuniontype
1167,cweintegerunderflowintconnectsocketpostdecgoodbgglobal
290,cweintegerunderflowinttrandsubdbadsink
652,cweintegerunderflowintminsubdbadsink
1246,cweintegerunderflowinttminmultiplygoodgbglobal
208,cweintegerunderflowinttminpredecuniontype
703,goodbgsink
948,cweintegerunderflowintfscanfpostdecgoodgbdata
40,recvresult
97,cweintegerunderflowintconnectsocketmultiplydbadsink
137,staticchar
1229,cweintegerunderflowcharminpostdecgoodgbdata
514,cweintegerunderflowunsignedintrandpredeccbadsink
736,cweintegerunderflowinttrandmultiplybgoodgbsink
1318,cweintegerunderflowcharrandsubegoodgbsink
156,cweintegerunderflowcharfscanfsubbbadsink
1079,cweintegerunderflowintminpostdecgoodgbdata
1502,cweintegerunderflowintconnectsocketpostdecbgoodbgsource
416,cweintegerunderflowintconnectsocketpostdecbbadsource
221,cweintegerunderflowinttrandpredeccbadsink
591,cweintegerunderflowintconnectsocketpostdecuniontype
153,cweintegerunderflowintfscanfsubebadsink
795,cweintegerunderflowintminpostdecgoodgbglobal
148,cweintegerunderflowunsignedintminpostdecbaddata
508,cweintegerunderflowcharminpostdecstructtype
925,cweintegerunderflowinttminmultiplybadsink
287,cweintegerunderflowinttminpredecebadsink
1,cweintegerunderflowunsignedintminpostdecstructtype
1020,cweintegerunderflowinttfscanfsubgoodbgdata
1031,cweintegerunderflowinttrandmultiplycgoodgbsink
984,cweintegerunderflowunsignedintfscanfpredecgoodbgdata
1207,cweintegerunderflowintrandmultiplygoodgbsink
228,cweintegerunderflowshortminpostdecstructtype
1435,cweintegerunderflowintminpredecgoodbgdata
858,cweintegerunderflowintfscanfmultiplybgoodbgsink
1112,cweintegerunderflowintfscanfpostdecdgoodbgsink
604,cweintegerunderflowcharrandpredecbadsink
634,cweintegerunderflowintlistensocketpostdecbadglobal
1390,cweintegerunderflowcharminmultiplyegoodbgsink
284,cweintegerunderflowcharfscanfpostdecbbadsink
1483,cweintegerunderflowshortrandpredecgoodgbsink
1393,cweintegerunderflowunsignedintrandpredecgoodbgglobal
1081,cweintegerunderflowintminmultiplygoodgbdata
714,cweintegerunderflowintfgetssubgoodgbdata
1085,cweintegerunderflowcharfscanfmultiplygoodgbdata
104,cweintegerunderflowintconnectsocketmultiplybaddata
13,inputbuffer
342,cweintegerunderflowinttminpredecbaddata
358,cweintegerunderflowunsignedintrandsubbbadsource
1373,cweintegerunderflowshortminpredecdgoodbgsink
233,cweintegerunderflowshortminmultiplybaddata
545,cweintegerunderflowinttminpostdecstructtype
1056,cweintegerunderflowunsignedintfscanfpredecbgoodgbsink
949,cweintegerunderflowintconnectsocketsubbgoodbgsink
71,closesocket
466,cweintegerunderflowshortminpredecdbadsink
22,fgetsfailed
602,cweintegerunderflowintconnectsocketsubbadsink
1504,cweintegerunderflowintfgetspostdecbgoodbgsource
216,cweintegerunderflowcharrandpostdecbaddata
1069,cweintegerunderflowintrandpredecbbadsource
1209,cweintegerunderflowintfgetspostdecgoodgbdata
895,cweintegerunderflowintfgetssubbgoodbgsource
831,cweintegerunderflowintfgetssubdgoodgbsink
965,cweintegerunderflowunsignedintrandsubgoodbgsink
1125,cweintegerunderflowintminpostdecgoodbgglobal
1380,cweintegerunderflowshortrandpostdecdgoodgbsink
1453,cweintegerunderflowintfgetssubgoodbgdata
1136,cweintegerunderflowshortfscanfpostdecgoodgbglobal
782,cweintegerunderflowunsignedintfscanfpostdecbgoodbgsink
1277,cweintegerunderflowinttrandmultiplybgoodbgsource
1035,cweintegerunderflowintrandpostdecgoodgbdata
1247,cweintegerunderflowinttminmultiplygoodgbsink
750,cweintegerunderflowintlistensocketmultiplybgoodbgsink
1034,cweintegerunderflowintfgetsmultiplycgoodbgsink
576,cweintegerunderflowinttminpostdecbbadsource
642,cweintegerunderflowcharrandpredecdbadsink
530,cweintegerunderflowshortfscanfpredecuniontype
89,globalfive
169,datavoidptr
1261,cweintegerunderflowunsignedintminsubgoodbgglobal
91,rand
64,bind
448,cweintegerunderflowcharminpredecebadsink
1345,cweintegerunderflowintlistensocketmultiplygoodbgdata
402,cweintegerunderflowintconnectsocketpredecbadglobal
661,cweintegerunderflowshortfscanfpostdecstructtype
916,cweintegerunderflowintfgetsmultiplybadsink
941,cweintegerunderflowshortrandsubdgoodgbsink
753,cweintegerunderflowcharfscanfmultiplycgoodbgsink
286,cweintegerunderflowintconnectsocketpredecdbadsink
616,cweintegerunderflowintfscanfpredecbbadsource
1248,cweintegerunderflowcharminpostdecdgoodbgsink
665,cweintegerunderflowinttfscanfmultiplybbadsource
685,cweintegerunderflowshortrandpredecbadsink
1192,cweintegerunderflowinttrandpostdeccgoodbgsink
46,invalidsocket
1259,cweintegerunderflowunsignedintminsubbgoodbgsink
1377,cweintegerunderflowunsignedintfscanfpredeccgoodgbsink
1440,cweintegerunderflowinttminmultiplygoodbgglobal
1437,cweintegerunderflowcharfscanfpostdecbgoodbgsink
1202,cweintegerunderflowcharrandpostdecgoodbgglobal
1094,cweintegerunderflowunsignedintminpostdecgoodbgdata
1472,cweintegerunderflowinttrandpostdecbgoodbgsource
145,cweintegerunderflowintconnectsocketsubbbadsink
1359,cweintegerunderflowshortfscanfmultiplyuniontype
759,cweintegerunderflowintrandpredecdbadsink
964,cweintegerunderflowunsignedintrandsubgoodbgglobal
1428,cweintegerunderflowintfscanfpredeccgoodbgsink
410,cweintegerunderflowinttrandmultiplybadglobal
1469,cweintegerunderflowintconnectsocketpredeccgoodgbsink
273,cweintegerunderflowintfscanfpredecbaddata
392,cweintegerunderflowunsignedintminsubcbadsink
715,cweintegerunderflowintfgetssubbgoodgbsink
26,printhexcharline
1179,cweintegerunderflowintminpostdeccgoodgbsink
180,cweintegerunderflowinttminpredecbbadsink
1271,cweintegerunderflowshortfscanfsubgoodbgdata
896,cweintegerunderflowshortrandmultiplyuniontype
433,cweintegerunderflowcharfscanfsubdbadsink
427,cweintegerunderflowshortminpostdecbbadsource
477,cweintegerunderflowunsignedintrandpredecbbadsource
209,cweintegerunderflowshortrandpredecbbadsource
214,cweintegerunderflowinttfscanfpredecbadglobal
699,goodgb
353,cweintegerunderflowshortfscanfmultiplydbadsink
369,cweintegerunderflowcharfscanfmultiplybbadsink
234,cweintegerunderflowinttfscanfpostdecbaddata
250,cweintegerunderflowunsignedintrandpostdecstructtype
1285,cweintegerunderflowinttrandpredecgoodbgsink
1299,cweintegerunderflowunsignedintminpredecbgoodgbsource
1123,cweintegerunderflowintminpostdecbgoodgbsource
38,wsadatainit
838,cweintegerunderflowshortminpostdecbgoodbgsink
117,datavalueistoolargetoperformsubtraction
356,cweintegerunderflowinttrandpostdecbaddata
922,cweintegerunderflowintminpostdecdgoodbgsink
311,cweintegerunderflowintfgetspredecbadsink
997,postredemptioncoinitial
1066,cweintegerunderflowinttrandsubbbadsource
1286,cweintegerunderflowinttrandpredecbgoodbgsink
436,cweintegerunderflowcharfscanfpostdecdbadsink
325,cweintegerunderflowintconnectsocketpredecbbadsource
58,saddr
952,cweintegerunderflowcharminsubgoodbgsink
1172,cweintegerunderflowintconnectsocketpredecdgoodbgsink
702,cweintegerunderflowshortminpostdecgoodbgdata
1010,cweintegerunderflowcharfscanfsubbgoodbgsink
337,cweintegerunderflowintlistensocketmultiplycbadsink
157,cweintegerunderflowinttrandsubebadsink
73,fscanf
123,cweintegerunderflowintfgetspredeccbadsink
1396,cweintegerunderflowshortminmultiplygoodgbdata
176,cweintegerunderflowshortminpredecbbadsink
553,cweintegerunderflowshortrandsubbbadsource
748,cweintegerunderflowshortfscanfmultiplybgoodgbsink
546,cweintegerunderflowshortrandpostdecstructtype
404,cweintegerunderflowunsignedintminpostdecuniontype
909,cweintegerunderflowcharfscanfsubbadsink
672,cweintegerunderflowunsignedintrandpredecdbadsink
449,cweintegerunderflowintlistensocketpostdecbaddata
575,cweintegerunderflowcharfscanfpredecebadsink
1347,cweintegerunderflowshortfscanfpostdecdgoodbgsink
1090,cweintegerunderflowunsignedintminpostdecbgoodbgsink
1371,cweintegerunderflowcharfscanfsubgoodbgglobal
1142,cweintegerunderflowintfscanfpredecgoodbgdata
1013,cweintegerunderflowshortfscanfpredecegoodbgsink
1300,cweintegerunderflowshortfscanfpredecbbadsource
532,cweintegerunderflowshortminsubbadglobal
18,fgets
963,cweintegerunderflowcharminpostdeccgoodgbsink
693,cweintegerunderflowinttminsubbadsink
806,cweintegerunderflowintfscanfpostdecdbadsink
1113,cweintegerunderflowintfscanfmultiplygoodbgglobal
1174,cweintegerunderflowinttfscanfsubbgoodbgsource
1018,cweintegerunderflowintconnectsocketmultiplybbadsource
3,unsignedint
1419,cweintegerunderflowcharrandpredecgoodgbglobal
161,gotosource
738,cweintegerunderflowshortrandsubgoodbgdata
907,cweintegerunderflowshortminsubbgoodbgsink
1021,cweintegerunderflowintfscanfmultiplydbadsink
696,cweintegerunderflowcharminsubbadsink
1016,cweintegerunderflowintfgetspredecbgoodgbsink
92,staticintt
488,cweintegerunderflowshortfscanfpostdecebadsink
1360,cweintegerunderflowcharfscanfpredeccgoodgbsink
686,cweintegerunderflowshortfscanfpostdecuniontype
1493,cweintegerunderflowunsignedintrandpostdecuniontype
1417,cweintegerunderflowintrandpredecgoodgbsink
640,cweintegerunderflowinttrandpostdecuniontype
861,cweintegerunderflowunsignedintfscanfsubbgoodgbsink
583,cweintegerunderflowcharrandsubbadglobal
936,cweintegerunderflowshortfscanfpostdeccgoodgbsink
697,cweintegerunderflowintrandsubdbadsink
730,cweintegerunderflowintfgetsmultiplybgoodgbsink
1255,cweintegerunderflowshortfscanfmultiplycgoodbgsink
565,cweintegerunderflowunsignedintfscanfpredecbadglobal
1061,cweintegerunderflowshortrandmultiplydbadsink
314,cweintegerunderflowcharfscanfpredecbbadsink
677,cweintegerunderflowunsignedintminpredecebadsink
1057,cweintegerunderflowshortrandpredecgoodbgdata
1295,cweintegerunderflowintconnectsocketpredecgoodbgsink
624,cweintegerunderflowintconnectsocketpredecuniontype
951,cweintegerunderflowcharminsubgoodbgglobal
698,cweintegerunderflowintconnectsocketsubgoodgbdata
1279,cweintegerunderflowcharfscanfsubgoodgbsink
606,cweintegerunderflowintfscanfpostdecuniontype
202,cweintegerunderflowcharminsubbbadsink
1048,cweintegerunderflowintlistensocketsubgoodgbdata
912,cweintegerunderflowcharrandpredecbgoodgbsink
1252,cweintegerunderflowcharrandsubuniontype
354,cweintegerunderflowshortminpostdecbbadsink
1433,cweintegerunderflowunsignedintrandsubebadsink
1442,cweintegerunderflowintfscanfsubgoodbgglobal
654,cweintegerunderflowinttrandmultiplydbadsink
774,cweintegerunderflowcharfscanfpredecdgoodbgsink
684,cweintegerunderflowshortrandpredecbadglobal
1350,cweintegerunderflowinttrandpredecbadsink
248,cweintegerunderflowinttfscanfmultiplybaddata
295,cweintegerunderflowintfscanfpredecdbadsink
108,cweintegerunderflowcharminmultiplyuniontype
254,badoengreplacements
622,cweintegerunderflowinttminsubstructtype
687,cweintegerunderflowintrandpredecbadglobal
219,cweintegerunderflowinttfscanfpostdeccbadsink
255,stonesoupglobalvariable
796,cweintegerunderflowintminpostdecgoodgbsink
1367,cweintegerunderflowcharrandmultiplygoodgbsink
834,cweintegerunderflowintlistensocketsubgoodbgglobal
213,cweintegerunderflowunsignedintrandpostdecbadsink
516,cweintegerunderflowinttfscanfmultiplyebadsink
406,cweintegerunderflowcharrandpostdecbadsink
1305,cweintegerunderflowintrandpostdecegoodbgsink
1211,cweintegerunderflowinttrandpredecgoodbgglobal
1258,cweintegerunderflowintfscanfsubdgoodgbsink
481,cweintegerunderflowunsignedintminpostdecbadglobal
726,goodgbsource
822,cweintegerunderflowshortfscanfsubbgoodgbsink
1491,cweintegerunderflowintfscanfmultiplybgoodgbsource
882,cweintegerunderflowshortfscanfpredecgoodbgdata
77,shrtmin
100,cweintegerunderflowshortfscanfpredecbaddata
170,cweintegerunderflowintminpostdecbbadsink
1178,cweintegerunderflowintminsubstructtype
1095,cweintegerunderflowshortminmultiplydgoodbgsink
132,hd
375,cweintegerunderflowintlistensocketpredecstructtype
1307,cweintegerunderflowintfgetspostdecbgoodgbsource
335,cweintegerunderflowunsignedintminpredecbbadsink
729,cweintegerunderflowshortrandpostdecuniontype
413,cweintegerunderflowshortminmultiplycbadsink
1228,cweintegerunderflowintconnectsocketsubdgoodgbsink
83,dataptr
1378,cweintegerunderflowintfscanfpostdecgoodbgdata
334,cweintegerunderflowinttfscanfpostdecstructtype
1263,cweintegerunderflowintconnectsocketmultiplygoodgbglobal
1001,cweintegerunderflowintconnectsocketpostdecgoodgbdata
388,cweintegerunderflowintminmultiplybbadsource
129,cweintegerunderflowunsignedintfscanfpostdeccbadsink
1015,cweintegerunderflowintrandsubbgoodgbsource
459,cweintegerunderflowshortminpredecstructtype
485,cweintegerunderflowintfscanfsubbbadsource
683,cweintegerunderflowcharminmultiplybbadsource
136,cweintegerunderflowcharminpredecbbadsink
471,cweintegerunderflowinttrandmultiplyuniontype
791,cweintegerunderflowcharfscanfpredecgoodgbsink
601,cweintegerunderflowintconnectsocketsubbadglobal
278,cweintegerunderflowintfscanfpostdecbadsink
713,cweintegerunderflowintfscanfpredecgoodbgglobal
331,cweintegerunderflowshortrandpredecbbadsink
767,cweintegerunderflowintminsubbgoodgbsink
418,cweintegerunderflowunsignedintminpostdecbbadsink
608,cweintegerunderflowinttminsubcbadsink
1438,cweintegerunderflowshortfscanfpostdecgoodbgglobal
344,cweintegerunderflowinttrandpostdecstructtype
1416,cweintegerunderflowintfgetspredecgoodbgglobal
203,cweintegerunderflowunsignedintrandpostdecbbadsink
650,cweintegerunderflowunsignedintrandpostdecdbadsink
394,cweintegerunderflowinttfscanfpredecbaddata
1091,cweintegerunderflowcharminsubbgoodbgsink
326,cweintegerunderflowinttrandpostdecbadglobal
1474,cweintegerunderflowshortrandpostdecbgoodbgsink
458,cweintegerunderflowintfscanfpredecbadsink
967,cweintegerunderflowinttfscanfsubcgoodgbsink
305,cweintegerunderflowintminsubuniontype
1257,cweintegerunderflowunsignedintminpostdecegoodgbsink
1319,cweintegerunderflowcharrandpostdecgoodgbglobal
953,cweintegerunderflowshortfscanfpredecbgoodbgsink
1118,cweintegerunderflowshortrandmultiplydgoodgbsink
870,cweintegerunderflowunsignedintrandpredecbgoodbgsink
1270,cweintegerunderflowshortrandpredecbgoodbgsink
947,cweintegerunderflowcharminsubgoodbgdata
431,cweintegerunderflowshortminmultiplybadglobal
468,cweintegerunderflowintrandpostdeccbadsink
275,cweintegerunderflowcharfscanfsubbaddata
744,cweintegerunderflowintrandsubgoodgbsink
1143,cweintegerunderflowcharminmultiplycgoodgbsink
1313,cweintegerunderflowcharminsubebadsink
1217,cweintegerunderflowunsignedintrandsubdgoodbgsink
646,cweintegerunderflowshortfscanfpostdecbadglobal
731,globalfalse
1185,cweintegerunderflowcharminmultiplygoodbgglobal
1223,cweintegerunderflowcharminsubbbadsource
807,cweintegerunderflowintfgetspostdecbgoodgbsink
1231,cweintegerunderflowcharminsubcgoodbgsink
1369,cweintegerunderflowshortminmultiplygoodgbsink
1340,cweintegerunderflowcharrandmultiplybgoodgbsink
414,cweintegerunderflowshortfscanfsubbbadsource
1458,cweintegerunderflowcharminpredecgoodbgsink
1254,cweintegerunderflowcharrandpredecdgoodbgsink
1407,cweintegerunderflowcharrandsubgoodgbdata
66,listenbacklog
167,cweintegerunderflowcharminpostdecbbadsink
825,cweintegerunderflowshortminsubgoodbgglobal
1058,cweintegerunderflowintfscanfpostdecbgoodgbsink
50,break
824,cweintegerunderflowintconnectsocketsubcgoodgbsink
710,cweintegerunderflowcharfscanfpostdecgoodgbdata
204,cweintegerunderflowintminpredecstructtype
1004,cweintegerunderflowinttrandpostdecgoodbgglobal
1116,cweintegerunderflowcharminpostdecuniontype
52,afinet
727,cweintegerunderflowcharminmultiplygoodbgdata
242,cweintegerunderflowintfgetssubdbadsink
812,cweintegerunderflowshortminmultiplybgoodgbsink
991,cweintegerunderflowinttrandsubgoodbgdata
1287,cweintegerunderflowintconnectsocketpostdecdgoodgbsink
98,intmin
473,cweintegerunderflowinttminpostdecbadglobal
849,cweintegerunderflowcharrandmultiplygoodbgglobal
664,cweintegerunderflowintminpredeccbadsink
1039,cweintegerunderflowcharrandsubgoodbgsink
1009,cweintegerunderflowintfgetssubcgoodbgsink
1477,cweintegerunderflowintrandmultiplybgoodbgsink
1006,cweintegerunderflowcharminpredeccgoodgbsink
1027,cweintegerunderflowinttrandpredecegoodbgsink
526,cweintegerunderflowshortfscanfmultiplystructtype
819,cweintegerunderflowshortrandsubbgoodbgsink
891,cweintegerunderflowcharfscanfmultiplyegoodgbsink
577,cweintegerunderflowintfscanfpostdecbbadsource
1383,cweintegerunderflowintrandpredeccgoodbgsink
453,cweintegerunderflowshortfscanfpostdecbaddata
585,cweintegerunderflowunsignedintfscanfpredeccbadsink
929,cweintegerunderflowunsignedintminsubbadsink
365,cweintegerunderflowintlistensocketpostdecebadsink
155,cweintegerunderflowshortfscanfpredecbadsink
679,cweintegerunderflowcharrandpostdecdbadsink
1232,cweintegerunderflowintminmultiplygoodbgdata
60,sinport
489,cweintegerunderflowshortfscanfpredeccbadsink
124,statictrue
261,cweintegerunderflowinttrandpredecuniontype
547,cweintegerunderflowintlistensocketmultiplybbadsource
590,cweintegerunderflowunsignedintfscanfsubdbadsink
631,cweintegerunderflowintlistensocketsubbadsink
1473,cweintegerunderflowinttrandpredecgoodgbglobal
1138,cweintegerunderflowintminmultiplycgoodbgsink
1406,cweintegerunderflowcharrandsubegoodbgsink
1436,cweintegerunderflowintconnectsocketmultiplycgoodgbsink
499,cweintegerunderflowintlistensocketsubcbadsink
557,cweintegerunderflowinttminmultiplyebadsink
1431,cweintegerunderflowcharfscanfpostdecegoodbgsink
179,cweintegerunderflowintminmultiplybbadsink
570,cweintegerunderflowintfgetsmultiplystructtype
303,cweintegerunderflowunsignedintfscanfpostdecbaddata
1405,cweintegerunderflowintfscanfmultiplycgoodgbsink
619,cweintegerunderflowintfscanfmultiplystructtype
1038,cweintegerunderflowcharrandsubgoodbgglobal
1049,cweintegerunderflowintlistensocketsubbgoodgbsink
853,cweintegerunderflowcharrandsubebadsink
15,EMPTY_TOKEN
1376,cweintegerunderflowintfgetssubbbadsource
1449,cweintegerunderflowintfscanfsubgoodbgdata
55,memset
119,cweintegerunderflowinttrandsubbbadsink
267,cweintegerunderflowintminsubbbadsink
451,cweintegerunderflowintconnectsocketpostdeccbadsink
1485,cweintegerunderflowinttrandmultiplydgoodbgsink
19,null
994,cweintegerunderflowinttfscanfmultiplybgoodgbsource
531,cweintegerunderflowcharrandmultiplycbadsink
938,cweintegerunderflowinttminsubbgoodbgsink
1245,cweintegerunderflowintrandpredecgoodgbdata
1503,cweintegerunderflowintconnectsocketmultiplydgoodgbsink
191,cweintegerunderflowcharminsubbaddata
607,cweintegerunderflowintfgetsmultiplyebadsink
720,goodbgsource
962,cweintegerunderflowcharfscanfpredecgoodgbdata
632,cweintegerunderflowunsignedintfscanfpredecstructtype
1120,cweintegerunderflowinttfscanfpostdecgoodbgglobal
312,cweintegerunderflowshortrandpostdeccbadsink
359,cweintegerunderflowintminpostdecbaddata
1351,cweintegerunderflowcharfscanfmultiplybadsink
240,cweintegerunderflowinttfscanfsubstructtype
264,cweintegerunderflowcharminmultiplydbadsink
401,cweintegerunderflowintlistensocketpredecdbadsink
419,cweintegerunderflowcharrandpredecstructtype
107,cweintegerunderflowintrandmultiplybbadsink
563,cweintegerunderflowinttfscanfpredeccbadsink
1117,cweintegerunderflowunsignedintrandpostdecgoodbgdata
1164,cweintegerunderflowintlistensocketpostdecdgoodbgsink
215,cweintegerunderflowintfscanfsubbbadsink
479,cweintegerunderflowunsignedintminpostdecbbadsource
711,globalconstfalse
933,cweintegerunderflowintminpostdecegoodbgsink
940,cweintegerunderflowintrandmultiplygoodbgsink
549,cweintegerunderflowinttfscanfpredecuniontype
1288,cweintegerunderflowinttrandpostdecebadsink
969,cweintegerunderflowinttfscanfmultiplybadsink
1161,cweintegerunderflowcharrandpostdecgoodgbdata
544,cweintegerunderflowshortfscanfmultiplybaddata
820,cweintegerunderflowintfgetspostdeccgoodgbsink
1238,cweintegerunderflowintrandsubcgoodgbsink
1481,cweintegerunderflowunsignedintrandpredecbgoodbgsource
45,listensocket
878,cweintegerunderflowcharminsubgoodgbglobal
520,cweintegerunderflowcharminpredecbadsink
928,cweintegerunderflowinttfscanfpostdecbgoodgbsource
1266,cweintegerunderflowshortminsubbgoodbgsource
539,cweintegerunderflowcharminpostdecbadglobal
43,socket
568,cweintegerunderflowintfgetspostdecdbadsink
59,inaddrany
44,acceptsocket
764,cweintegerunderflowunsignedintrandpostdecdgoodbgsink
1082,cweintegerunderflowintlistensocketsubcgoodgbsink
1434,cweintegerunderflowshortfscanfpostdecgoodbgdata
2,mystruct
850,cweintegerunderflowcharrandpostdecdgoodgbsink
1471,cweintegerunderflowintminpredecgoodgbdata
193,cweintegerunderflowshortrandpostdecbadsink
435,cweintegerunderflowintfgetspredecebadsink
691,cweintegerunderflowintminsubbadglobal
1045,cweintegerunderflowunsignedintminsubcgoodbgsink
171,benignfixedstring
1381,cweintegerunderflowintconnectsocketsubbbadsource
1337,cweintegerunderflowshortrandmultiplybgoodbgsource
349,cweintegerunderflowcharminpredeccbadsink
851,cweintegerunderflowunsignedintminpostdecgoodgbglobal
122,cweintegerunderflowunsignedintfscanfpostdecbbadsink
403,cweintegerunderflowintconnectsocketpredecbbadsink
1067,cweintegerunderflowintminpredecgoodbgglobal
498,cweintegerunderflowintminpredecbaddata
1362,cweintegerunderflowunsignedintminpostdeccgoodbgsink
1017,cweintegerunderflowshortminmultiplycgoodbgsink
149,cweintegerunderflowintfgetsmultiplybbadsource
771,cweintegerunderflowshortrandmultiplybgoodbgsink
1199,cweintegerunderflowcharminmultiplybgoodbgsource
1322,cweintegerunderflowinttrandsubgoodgbdata
1301,cweintegerunderflowintconnectsocketpostdecbgoodbgsink
1456,cweintegerunderflowintfscanfmultiplybadsink
1414,cweintegerunderflowintconnectsocketpredecgoodgbdata
1302,cweintegerunderflowintconnectsocketsubuniontype
470,cweintegerunderflowinttfscanfpostdecbadglobal
415,cweintegerunderflowinttminsubbadglobal
1099,cweintegerunderflowcharminpredecgoodbgdata
68,accept
288,cweintegerunderflowintconnectsocketsubdbadsink
362,cweintegerunderflowintfgetssubcbadsink
1358,cweintegerunderflowunsignedintminpostdecbgoodbgsource
510,cweintegerunderflowintlistensocketpredecbbadsource
676,cweintegerunderflowintfscanfmultiplybadglobal
1443,cweintegerunderflowintfscanfsubgoodbgsink
54,ipprototcp
1489,cweintegerunderflowcharrandsubbgoodbgsource
688,cweintegerunderflowinttfscanfpredecbadsink
319,cweintegerunderflowintrandpostdecbbadsink
680,cweintegerunderflowshortminsubdbadsink
1071,cweintegerunderflowcharfscanfpredecbgoodgbsink
1051,cweintegerunderflowintrandmultiplybgoodgbsink
562,cweintegerunderflowinttrandpredecdbadsink
330,cweintegerunderflowintconnectsocketpostdecstructtype
1083,cweintegerunderflowcharminpostdecbgoodgbsink
27,intt
667,cweintegerunderflowintlistensocketpostdecstructtype
988,cweintegerunderflowinttfscanfpostdecebadsink
182,cweintegerunderflowintfscanfpredecbbadsink
130,cweintegerunderflowinttrandmultiplybbadsink
88,cweintegerunderflowshortfscanfsubcbadsink
277,cweintegerunderflowintfscanfpostdecbadglobal
1425,cweintegerunderflowintlistensocketpredecuniontype
1468,cweintegerunderflowunsignedintfscanfpostdeccgoodbgsink
486,cweintegerunderflowcharrandmultiplystructtype
790,cweintegerunderflowcharfscanfpredecgoodgbglobal
958,cweintegerunderflowinttminsubgoodbgdata
826,cweintegerunderflowcharrandsubgoodbgdata
347,cweintegerunderflowunsignedintminpredecbaddata
1224,cweintegerunderflowintlistensocketmultiplyegoodbgsink
377,cweintegerunderflowcharminmultiplybadsink
942,cweintegerunderflowintrandsubbgoodbgsink
1100,cweintegerunderflowintrandsubgoodgbdata
905,cweintegerunderflowcharrandpredecgoodbgdata
197,globalconstfive
1368,cweintegerunderflowshortminmultiplygoodgbglobal
229,cweintegerunderflowintfgetsmultiplycbadsink
890,cweintegerunderflowintlistensocketpredecgoodgbsink
1186,cweintegerunderflowcharminmultiplygoodbgsink
487,cweintegerunderflowshortminpredecbadglobal
571,cweintegerunderflowinttrandpostdeccbadsink
741,cweintegerunderflowintconnectsocketsubbgoodgbsource
1448,cweintegerunderflowintconnectsocketpredecbadsink
1158,cweintegerunderflowintconnectsocketpredeccgoodbgsink
442,cweintegerunderflowintlistensocketpostdecdbadsink
885,cweintegerunderflowintminsubgoodgbdata
192,cweintegerunderflowshortrandpostdecbadglobal
1148,cweintegerunderflowintrandmultiplygoodbgdata
1109,cweintegerunderflowintlistensocketpredeccgoodbgsink
417,cweintegerunderflowintconnectsocketmultiplycbadsink
517,cweintegerunderflowintminpredecuniontype
671,cweintegerunderflowunsignedintfscanfpredecebadsink
94,cweintegerunderflowunsignedintfscanfsubcbadsink
493,cweintegerunderflowintminmultiplybadsink
126,cweintegerunderflowintfgetssubbaddata
559,cweintegerunderflowinttrandsubstructtype
1497,cweintegerunderflowshortminmultiplygoodbgsink
30,globalreturnstrueorfalse
75,cweintegerunderflowintfscanfpostdecbbadsink
212,cweintegerunderflowunsignedintrandpostdecbadglobal
955,cweintegerunderflowunsignedintfscanfpredecgoodgbsink
974,cweintegerunderflowcharminsubgoodgbdata
1047,cweintegerunderflowcharminpredecuniontype
291,cweintegerunderflowunsignedintfscanfsubbaddata
383,cweintegerunderflowintlistensocketsubdbadsink
923,cweintegerunderflowunsignedintfscanfpostdecegoodbgsink
660,cweintegerunderflowinttminmultiplybadglobal
881,cweintegerunderflowintminmultiplyegoodgbsink
309,cweintegerunderflowintconnectsocketpredecstructtype
1203,cweintegerunderflowcharrandpostdecgoodbgsink
995,cweintegerunderflowinttrandsubbgoodgbsource
871,cweintegerunderflowshortrandmultiplybbadsource
592,cweintegerunderflowunsignedintrandpredecuniontype
84,dataarray
8,printunsignedline
589,cweintegerunderflowinttrandpredecbadglobal
1323,cweintegerunderflowshortfscanfsubbgoodbgsource
1476,cweintegerunderflowintfgetspostdecegoodgbsink
118,cweintegerunderflowintlistensocketsubbaddata
428,cweintegerunderflowunsignedintminsubbaddata
472,cweintegerunderflowinttminpostdeccbadsink
164,sink
1357,cweintegerunderflowunsignedintminpostdecbgoodgbsink
422,cweintegerunderflowunsignedintfscanfpostdecbadsink
1276,cweintegerunderflowintconnectsocketpostdecebadsink
116,cweintegerunderflowunsignedintrandsubbbadsink
376,cweintegerunderflowcharminmultiplybadglobal
655,cweintegerunderflowinttfscanfpostdecbadsink
1289,cweintegerunderflowintlistensocketpostdecgoodbgsink
1098,cweintegerunderflowinttrandsubbgoodgbsink
1361,cweintegerunderflowinttfscanfpostdecgoodgbdata
210,cweintegerunderflowshortrandmultiplybbadsink
438,cweintegerunderflowshortminpredecebadsink
1155,cweintegerunderflowcharminpostdecdgoodgbsink
1341,cweintegerunderflowintminpostdeccgoodbgsink
245,cweintegerunderflowshortfscanfpredecebadsink
1445,cweintegerunderflowcharfscanfpostdecgoodbgglobal
1129,cweintegerunderflowunsignedintfscanfpredecgoodbgglobal
389,cweintegerunderflowinttrandmultiplybaddata
845,cweintegerunderflowintrandpostdecbadglobal
864,cweintegerunderflowcharrandpostdecbgoodgbsink
880,cweintegerunderflowinttfscanfpostdecbgoodbgsource
1375,cweintegerunderflowintrandpredecgoodbgsink
522,cweintegerunderflowinttminpredecdbadsink
1073,cweintegerunderflowcharrandmultiplygoodbgsink
6,structfirst
785,cweintegerunderflowshortrandsubbadglobal
439,cweintegerunderflowcharminmultiplystructtype
368,cweintegerunderflowcharfscanfmultiplybaddata
1097,cweintegerunderflowintfscanfpostdecgoodbgglobal
1316,cweintegerunderflowintfgetsmultiplycgoodgbsink
1455,cweintegerunderflowintfscanfpredecgoodgbdata
572,cweintegerunderflowintrandpredecbaddata
976,cweintegerunderflowcharminmultiplyebadsink
1075,cweintegerunderflowinttfscanfmultiplybgoodgbsink
1384,cweintegerunderflowcharfscanfpostdeccgoodbgsink
859,cweintegerunderflowintfgetspostdecbadglobal
978,cweintegerunderflowintrandmultiplycgoodbgsink
898,cweintegerunderflowshortfscanfmultiplycgoodgbsink
1222,cweintegerunderflowcharminsubbgoodbgsource
251,cweintegerunderflowintconnectsocketpostdecbaddata
1484,cweintegerunderflowshortfscanfpostdecbadsink
939,cweintegerunderflowintrandmultiplygoodbgglobal
1465,cweintegerunderflowinttminmultiplydgoodbgsink
1168,cweintegerunderflowintconnectsocketpostdecgoodbgsink
780,globalreturnsfalse
803,cweintegerunderflowshortfscanfpostdecbgoodgbsink
256,housewifelinessarnoldson
657,cweintegerunderflowcharminpostdecdbadsink
728,cweintegerunderflowinttminpredecgoodbgglobal
184,cweintegerunderflowinttrandsubcbadsink
505,cweintegerunderflowshortrandsubbbadsink
611,cweintegerunderflowintminsubcbadsink
304,cweintegerunderflowshortfscanfmultiplybbadsink
789,cweintegerunderflowcharrandpredeccgoodbgsink
183,cweintegerunderflowintconnectsocketpostdecbbadsink
25,cweintegerunderflowcharminpredecbaddata
927,cweintegerunderflowunsignedintrandsubbgoodgbsink
378,cweintegerunderflowunsignedintrandpredecbbadsink
1046,cweintegerunderflowcharminsubuniontype
1181,cweintegerunderflowcharrandsubbgoodbgsink
160,cweintegerunderflowcharrandpredeccbadsink
599,cweintegerunderflowintconnectsocketpostdecbadsink
1260,cweintegerunderflowinttrandsubegoodgbsink
1460,cweintegerunderflowinttminmultiplycgoodbgsink
754,cweintegerunderflowshortfscanfmultiplygoodgbglobal
1216,cweintegerunderflowshortminpostdecbgoodgbsink
893,cweintegerunderflowunsignedintminpostdecbgoodgbsource
903,cweintegerunderflowintlistensocketpostdecuniontype
1312,cweintegerunderflowintrandpredecbgoodgbsink
367,cweintegerunderflowinttminsubebadsink
1054,cweintegerunderflowintrandpredecgoodgbglobal
346,staticshort
1124,cweintegerunderflowinttrandpredecgoodbgdata
1114,cweintegerunderflowinttminsubbgoodgbsink
398,cweintegerunderflowintlistensocketsubbbadsource
538,cweintegerunderflowunsignedintfscanfpostdecebadsink
1078,cweintegerunderflowinttfscanfmultiplyuniontype
283,cweintegerunderflowshortfscanfmultiplybadglobal
887,cweintegerunderflowshortfscanfsubgoodgbdata
865,cweintegerunderflowintminmultiplybgoodgbsink
249,cweintegerunderflowinttfscanfmultiplybbadsink
269,cweintegerunderflowintlistensocketpredecbadsink
612,cweintegerunderflowshortrandpredecdbadsink
327,cweintegerunderflowinttrandpostdecbadsink
625,cweintegerunderflowinttminpredecbadglobal
653,cweintegerunderflowshortfscanfsubuniontype
1014,cweintegerunderflowintconnectsocketmultiplygoodbgdata
1306,cweintegerunderflowinttminsubegoodbgsink
673,cweintegerunderflowintlistensocketmultiplydbadsink
110,charmin
260,cweintegerunderflowcharfscanfsubbadglobal
134,cweintegerunderflowcharfscanfpostdecbbadsource
1399,cweintegerunderflowinttminsubcgoodgbsink
674,cweintegerunderflowintfscanfsubbadglobal
581,cweintegerunderflowinttfscanfsubdbadsink
745,cweintegerunderflowintconnectsocketmultiplycgoodbgsink
93,datavalueistoosmalltoperformmultiplication
1096,cweintegerunderflowintconnectsocketmultiplybgoodbgsink
1498,cweintegerunderflowinttfscanfpredecebadsink
1225,cweintegerunderflowinttfscanfpredecbgoodgbsink
399,cweintegerunderflowcharfscanfsubcbadsink
408,cweintegerunderflowshortminsubbaddata
1273,cweintegerunderflowinttrandsubgoodgbsink
777,cweintegerunderflowshortfscanfsubgoodbgglobal
1496,cweintegerunderflowshortminpostdecebadsink
930,cweintegerunderflowunsignedintminpostdecgoodbgglobal
393,cweintegerunderflowunsignedintrandsubdbadsink
1278,cweintegerunderflowcharfscanfsubgoodgbglobal
1420,cweintegerunderflowintfgetssubuniontype
113,cweintegerunderflowcharminmultiplybbadsink
1151,cweintegerunderflowunsignedintfscanfsubgoodbgglobal
579,cweintegerunderflowintfscanfsubdbadsink
1193,cweintegerunderflowinttrandmultiplyebadsink
1242,cweintegerunderflowintlistensocketmultiplybgoodgbsink
196,staticfive
1076,cweintegerunderflowintfscanfsubgoodgbdata
1495,cweintegerunderflowcharminmultiplygoodgbdata
443,cweintegerunderflowintfscanfsubbaddata
1104,cweintegerunderflowintfgetspredecgoodgbdata
1293,cweintegerunderflowunsignedintrandsubcgoodgbsink
842,cweintegerunderflowintminmultiplygoodgbglobal
1262,cweintegerunderflowinttminmultiplybgoodbgsink
775,cweintegerunderflowintlistensocketpredecbgoodbgsink
1175,cweintegerunderflowshortfscanfmultiplyegoodgbsink
1366,cweintegerunderflowcharrandmultiplygoodgbglobal
154,cweintegerunderflowshortfscanfpredecbadglobal
146,badsource
778,cweintegerunderflowshortfscanfsubgoodbgsink
1003,cweintegerunderflowcharrandmultiplycgoodbgsink
900,cweintegerunderflowintminsubgoodgbsink
1388,cweintegerunderflowintminsubcgoodbgsink
1059,cweintegerunderflowshortminmultiplygoodbgglobal
635,cweintegerunderflowintlistensocketpostdecbadsink
569,cweintegerunderflowintminsubebadsink
597,cweintegerunderflowshortrandsubdbadsink
1315,cweintegerunderflowinttminpostdeccgoodbgsink
405,cweintegerunderflowintminpostdecdbadsink
1019,cweintegerunderflowintconnectsocketmultiplyegoodbgsink
1415,cweintegerunderflowshortrandmultiplybgoodgbsink
1146,cweintegerunderflowintminmultiplycgoodgbsink
1187,cweintegerunderflowcharfscanfpredecgoodbgglobal
883,cweintegerunderflowshortrandpostdecbaddata
1336,cweintegerunderflowintlistensocketpostdecbgoodbgsource
1251,cweintegerunderflowinttrandsubdgoodgbsink
1314,cweintegerunderflowunsignedintrandpredecgoodbgdata
23,cweintegerunderflowintfgetspostdecbbadsink
1080,cweintegerunderflowunsignedintminpredecgoodbgdata
47,makeword
4,data
185,voidintt
109,myunion
222,cweintegerunderflowinttrandpostdecbbadsource
1364,cweintegerunderflowunsignedintfscanfsubuniontype
954,cweintegerunderflowunsignedintfscanfpredecgoodgbglobal
649,cweintegerunderflowintfscanfpredecstructtype
666,cweintegerunderflowintrandsubstructtype
318,cweintegerunderflowintlistensocketpostdecbbadsink
1308,cweintegerunderflowintfscanfpostdecbgoodgbsource
1452,cweintegerunderflowinttrandpostdecgoodgbglobal
1235,cweintegerunderflowcharrandpostdecgoodbgdata
241,cweintegerunderflowintminmultiplydbadsink
224,cweintegerunderflowcharrandsubbbadsink
543,cweintegerunderflowintfgetssubbadsink
598,cweintegerunderflowintconnectsocketpostdecbadglobal
426,cweintegerunderflowunsignedintminsubstructtype
491,cweintegerunderflowcharfscanfpredecbbadsource
972,cweintegerunderflowunsignedintfscanfpostdecgoodbgglobal
847,cweintegerunderflowshortfscanfsubbgoodgbsource
147,cweintegerunderflowinttminmultiplybbadsink
1119,cweintegerunderflowintrandpostdecbgoodbgsink
709,cweintegerunderflowintminpostdecuniontype
1282,cweintegerunderflowcharminsubbgoodgbsource
1334,cweintegerunderflowcharminpostdecgoodbgglobal
1392,cweintegerunderflowintfscanfpredecgoodbgsink
400,cweintegerunderflowinttminpostdecebadsink
835,cweintegerunderflowintconnectsocketpredecgoodbgdata
1354,cweintegerunderflowshortrandpostdecebadsink
772,cweintegerunderflowintlistensocketpostdecgoodbgdata
112,unionsecond
1298,cweintegerunderflowunsignedintrandpostdeccgoodgbsink
620,cweintegerunderflowcharrandmultiplyebadsink
1487,cweintegerunderflowshortminpostdecdgoodgbsink
232,cweintegerunderflowshortfscanfpostdeccbadsink
141,inetaddr
341,cweintegerunderflowunsignedintminsubuniontype
1272,cweintegerunderflowinttrandsubgoodgbglobal
979,cweintegerunderflowintlistensocketmultiplygoodbgglobal
757,cweintegerunderflowcharrandmultiplybgoodbgsink
816,cweintegerunderflowintrandpostdeccgoodbgsink
135,cweintegerunderflowunsignedintminpredeccbadsink
695,cweintegerunderflowshortfscanfsubstructtype
1250,cweintegerunderflowintrandmultiplyebadsink
1450,cweintegerunderflowintminsubdgoodbgsink
513,cweintegerunderflowintminpredecbbadsource
1236,cweintegerunderflowintconnectsocketpostdeccgoodbgsink
1086,cweintegerunderflowintrandpostdecbbadsource
87,cweintegerunderflowshortminsubbbadsink
623,cweintegerunderflowintrandpostdecebadsink
429,cweintegerunderflowunsignedintrandpostdecbaddata
78,globalreturnstrue
412,cweintegerunderflowcharminsubcbadsink
639,cweintegerunderflowcharfscanfmultiplydbadsink
645,cweintegerunderflowinttfscanfsubbbadsource
1339,cweintegerunderflowinttminpostdecbgoodbgsink
873,cweintegerunderflowinttfscanfmultiplyegoodgbsink
1043,cweintegerunderflowintfscanfsubstructtype
700,goodbg
1101,cweintegerunderflowintlistensocketpredecgoodbgglobal
1065,cweintegerunderflowunsignedintrandpostdecdgoodgbsink
1188,cweintegerunderflowintconnectsocketpostdecgoodbgdata
1398,cweintegerunderflowshortminpostdeccgoodgbsink
201,cweintegerunderflowcharminsubstructtype
494,cweintegerunderflowshortminsubuniontype
594,cweintegerunderflowintfscanfpredecebadsink
298,cweintegerunderflowinttfscanfpostdecbbadsink
1111,cweintegerunderflowunsignedintrandsubgoodbgdata
1490,cweintegerunderflowcharminpredecbgoodgbsource
914,cweintegerunderflowinttfscanfpredeccgoodgbsink
306,cweintegerunderflowintfscanfmultiplycbadsink
1475,cweintegerunderflowcharfscanfpostdecuniontype
1356,cweintegerunderflowintrandpredecgoodbgdata
495,cweintegerunderflowintfgetspredecstructtype
386,cweintegerunderflowinttrandpredecbaddata
811,cweintegerunderflowshortminmultiplystructtype
1402,cweintegerunderflowshortminpredecbbadsource
11,int
658,cweintegerunderflowshortrandmultiplybadglobal
230,cweintegerunderflowintlistensocketsubbadglobal
483,cweintegerunderflowunsignedintminpostdecebadsink
863,cweintegerunderflowintlistensocketmultiplycgoodgbsink
1165,cweintegerunderflowunsignedintminsubgoodgbdata
1153,cweintegerunderflowunsignedintfscanfpredecbbadsource
783,cweintegerunderflowunsignedintminsubdbadsink
833,cweintegerunderflowcharrandmultiplygoodgbdata
1327,cweintegerunderflowshortrandsubcgoodgbsink
